id,callsign,job_id,status,request_source,request_seq,receipt_utc,last_heard_estimate_utc,quiet_elapsed_s,rejoined_after_storage,durable_command_audit_matches,battery_v,firmware_rev
9D7884,Daxter,6A247589,prepared,8EB508,111,2026-09-13T01:00:25.548751+00:00,2026-09-13T01:00:25.771883+00:00,4632.08,False,True,3.277,fx-260912-f951ae9-b
9E5954,Absol,6A247589,prepared,8EB508,127,2026-09-13T01:01:52.748072+00:00,2026-09-13T01:01:53.094883+00:00,4544.881,False,True,3.212,fx-260912-f951ae9-b
9E5A58,Murkrow,7021CF8D,prepared,8EB508,653,2026-09-13T01:19:05.771870+00:00,2026-09-13T01:19:07.055883+00:00,3511.857,False,True,3.21,fx-260912-f951ae9-b
9E5A5C,Yuna,6A247589,prepared,8EB508,116,2026-09-13T01:01:53.280902+00:00,2026-09-13T01:01:53.347883+00:00,4544.348,False,True,3.279,fx-260912-f951ae9-b
9E5A74,Ahsoka,6A247589,prepared,8EB508,123,2026-09-13T01:01:53.306554+00:00,2026-09-13T01:01:53.540883+00:00,4544.322,False,True,3.158,fx-260912-f951ae9-b
9E5A84,Panther,6A247589,prepared,8EB508,124,2026-09-13T01:01:52.882245+00:00,2026-09-13T01:01:53.136883+00:00,4544.747,False,True,3.208,fx-260912-f951ae9-b
9E5A88,Logan,ED0B99BB,prepared,8EB508,204,2026-09-13T01:04:06.189542+00:00,2026-09-13T01:04:06.589883+00:00,4411.439,False,True,3.222,fx-260912-f951ae9-b
9E5A94,Venom,3718EB1B,prepared,8EB508,930,2026-09-13T01:39:01.947750+00:00,2026-09-13T01:39:03.576883+00:00,2315.681,False,True,3.282,fx-260912-f951ae9-b
9E5AB0,Togepi,E4847F91,prepared,8EB508,580,2026-09-13T01:15:17.272541+00:00,2026-09-13T01:15:18.218883+00:00,3740.356,False,True,3.291,fx-260912-f951ae9-b
9E5AC8,Gastly,6A247589,prepared,8EB508,115,2026-09-13T01:01:52.882245+00:00,2026-09-13T01:01:52.892883+00:00,4544.747,False,True,3.282,fx-260912-f951ae9-b
9E5AD4,Loki,7021CF8D,prepared,8EB508,650,2026-09-13T01:19:07.797901+00:00,2026-09-13T01:19:09.104883+00:00,3509.831,False,True,3.336,fx-260912-f951ae9-b
9E5AE0,Ralts,E4847F91,prepared,8EB508,590,2026-09-13T01:15:54.975912+00:00,2026-09-13T01:15:55.240883+00:00,3702.653,False,True,3.012,fx-260912-f951ae9-b
9E5AE4,Blade,ED0B99BB,prepared,8EB508,208,2026-09-13T01:04:05.933042+00:00,2026-09-13T01:04:06.527883+00:00,4411.696,False,True,3.185,fx-260912-f951ae9-b
9E5B04,Torchic,3718EB1B,prepared,8EB508,940,2026-09-13T01:26:02.381362+00:00,2026-09-13T01:26:04.344883+00:00,3095.248,False,True,3.044,fx-260912-f951ae9-b
9E5B10,Revali,90271CA0,prepared,8EB508,757,2026-09-13T01:20:18.431182+00:00,2026-09-13T01:20:19.848883+00:00,3439.198,False,True,3.293,fx-260912-f951ae9-b
9E5B14,Falcon,ED0B99BB,prepared,8EB508,205,2026-09-13T01:04:05.456753+00:00,2026-09-13T01:04:05.967883+00:00,4412.172,False,True,3.184,fx-260912-f951ae9-b
9E5B18,Froakie,90271CA0,prepared,8EB508,762,2026-09-13T01:23:50.904981+00:00,2026-09-13T01:23:52.426883+00:00,3226.724,False,True,3.206,fx-260912-f951ae9-b
9E5B34,Gible,90271CA0,prepared,8EB508,761,2026-09-13T01:20:18.463790+00:00,2026-09-13T01:20:19.892883+00:00,3439.165,False,True,3.064,fx-260912-f951ae9-b
9E5B44,Astro,BFE81C8C,prepared,8EB508,288,2026-09-13T01:13:52.805933+00:00,2026-09-13T01:13:53.489883+00:00,3824.823,False,True,3.089,fx-260912-f951ae9-b
9E5B48,Sackboy,3718EB1B,prepared,8EB508,939,2026-09-13T01:26:03.597277+00:00,2026-09-13T01:26:05.571883+00:00,3094.032,False,True,3.223,fx-260912-f951ae9-b
9E5B5C,Mipha,6A247589,prepared,8EB508,112,2026-09-13T01:00:31.328696+00:00,2026-09-13T01:00:31.618883+00:00,4626.3,False,True,3.207,fx-260912-f951ae9-b
9E5B68,Piplup,ED0B99BB,prepared,8EB508,206,2026-09-13T01:04:06.130924+00:00,2026-09-13T01:04:06.657883+00:00,4411.498,False,True,3.231,fx-260912-f951ae9-b
9E5B8C,Bowser,90271CA0,prepared,8EB508,768,2026-09-13T01:24:19.087580+00:00,2026-09-13T01:24:20.853883+00:00,3198.541,False,True,3.167,fx-260912-f951ae9-b
9E668C,Akuma,E4847F91,prepared,8EB508,584,2026-09-13T01:15:21.606971+00:00,2026-09-13T01:15:22.636883+00:00,3736.022,False,True,3.168,fx-260912-f951ae9-b
9F0E4C,Yuffie,E4847F91,prepared,8EB508,583,2026-09-13T01:15:15.522603+00:00,2026-09-13T01:15:16.497883+00:00,3742.106,False,True,3.192,fx-260912-f951ae9-b
9F0E54,Eevee,6A247589,prepared,8EB508,121,2026-09-13T01:01:53.107153+00:00,2026-09-13T01:01:53.275883+00:00,4544.522,False,True,3.249,fx-260912-f951ae9-b
9F0E5C,Tangela,ED0B99BB,prepared,8EB508,200,2026-09-13T01:04:06.222818+00:00,2026-09-13T01:04:06.791883+00:00,4411.406,False,True,3.196,fx-260912-f951ae9-b
9F0E7C,Navi,BFE81C8C,prepared,8EB508,287,2026-09-13T01:13:46.508222+00:00,2026-09-13T01:13:47.122883+00:00,3831.121,False,True,3.205,fx-260912-f951ae9-b
9F2638,Lucas,ED0B99BB,prepared,8EB508,207,2026-09-13T01:04:05.714796+00:00,2026-09-13T01:04:06.266883+00:00,4411.914,False,True,3.192,fx-260912-f951ae9-b
9F2648,Cubone,E4847F91,prepared,8EB508,588,2026-09-13T01:15:18.687277+00:00,2026-09-13T01:15:19.695883+00:00,3738.942,False,True,3.287,fx-260912-f951ae9-b
9F2664,Hawkeye,6A247589,prepared,8EB508,128,2026-09-13T01:01:53.922829+00:00,2026-09-13T01:01:54.129883+00:00,4543.706,False,True,3.168,fx-260912-f951ae9-b
9F266C,Meowth,ED0B99BB,prepared,8EB508,202,2026-09-13T01:04:06.369189+00:00,2026-09-13T01:04:06.516883+00:00,4411.26,False,True,3.279,fx-260912-f951ae9-b
9F2680,Buizel,ED0B99BB,prepared,8EB508,199,2026-09-13T01:04:06.331726+00:00,2026-09-13T01:04:06.910883+00:00,4411.297,False,True,3.195,fx-260912-f951ae9-b
9F268C,,7021CF8D,prepared,8EB508,657,2026-09-13T01:19:07.032908+00:00,2026-09-13T01:19:08.350883+00:00,3510.596,False,True,3.326,fx-260912-f951ae9-b
9F2694,Mewtwo,BFE81C8C,prepared,8EB508,289,2026-09-13T01:13:52.006574+00:00,2026-09-13T01:13:52.680883+00:00,3825.622,False,True,3.323,fx-260912-f951ae9-b
9F26AC,Tauros,E4847F91,prepared,8EB508,585,2026-09-13T01:15:19.864672+00:00,2026-09-13T01:15:20.856883+00:00,3737.764,False,True,3.025,fx-260912-f951ae9-b
9F26B0,Rikku,90271CA0,prepared,8EB508,765,2026-09-13T01:24:02.529364+00:00,2026-09-13T01:24:04.136883+00:00,3215.1,False,True,3.193,fx-260912-f951ae9-b
9F26BC,Pinsir,7021CF8D,prepared,8EB508,651,2026-09-13T01:18:56.189873+00:00,2026-09-13T01:18:57.379883+00:00,3521.439,False,True,3.244,fx-260912-f951ae9-b
9F26C0,Zorua,90271CA0,prepared,8EB508,764,2026-09-13T01:23:59.231600+00:00,2026-09-13T01:24:00.793883+00:00,3218.397,False,True,3.223,fx-260912-f951ae9-b
9F26C4,Hellboy,3C15B307,prepared,8EB508,21,2026-09-13T00:59:12.106305+00:00,2026-09-13T00:59:12.098883+00:00,4705.523,False,True,3.317,fx-260912-f951ae9-b
9F26D4,Hulk,ED0B99BB,prepared,8EB508,201,2026-09-13T01:04:06.151884+00:00,2026-09-13T01:04:06.643883+00:00,4411.477,False,True,3.191,fx-260912-f951ae9-b
9F26D8,Bidoof,6A247589,prepared,8EB508,129,2026-09-13T01:01:53.306554+00:00,2026-09-13T01:01:53.768883+00:00,4544.322,False,True,3.218,fx-260912-f951ae9-b
9F26E4,Grogu,3718EB1B,prepared,8EB508,936,2026-09-13T01:39:20.703161+00:00,2026-09-13T01:39:22.505883+00:00,2296.926,False,True,3.201,fx-260912-f951ae9-b
9F26E8,Tifa,7021CF8D,prepared,8EB508,658,2026-09-13T01:19:12.090163+00:00,2026-09-13T01:19:13.473883+00:00,3505.539,False,True,3.265,fx-260912-f951ae9-b
9F2714,Chunli,3718EB1B,prepared,8EB508,938,2026-09-13T01:26:02.354351+00:00,2026-09-13T01:26:04.270883+00:00,3095.275,False,True,2.537,fx-260912-f951ae9-b
9F2718,Espio,6A247589,prepared,8EB508,125,2026-09-13T01:01:53.916034+00:00,2026-09-13T01:01:53.950883+00:00,4543.713,False,True,3.169,fx-260912-f951ae9-b
9F2720,Wanda,ED0B99BB,prepared,8EB508,203,2026-09-13T01:04:05.981638+00:00,2026-09-13T01:04:06.361883+00:00,4411.647,False,True,3.174,fx-260912-f951ae9-b
9F2738,Ness,7021CF8D,prepared,8EB508,655,2026-09-13T01:19:08.722816+00:00,2026-09-13T01:19:10.056883+00:00,3508.906,False,True,3.29,fx-260912-f951ae9-b
9F275C,Totoro,E4847F91,prepared,8EB508,592,2026-09-13T01:15:53.280240+00:00,2026-09-13T01:15:54.405883+00:00,3704.349,False,True,3.278,fx-260912-f951ae9-b
F2B7DC,Ponyta,BFE81C8C,prepared,8EB508,291,2026-09-13T01:13:50.455404+00:00,2026-09-13T01:13:51.097883+00:00,3827.173,False,True,2.562,fx-260912-f951ae9-b
F2B900,Cammy,BFE81C8C,prepared,8EB508,292,2026-09-13T01:14:07.609546+00:00,2026-09-13T01:14:08.415883+00:00,3810.019,False,True,3.289,fx-260912-f951ae9-b
F2BCF0,Spyro,90271CA0,prepared,8EB508,770,2026-09-13T01:24:06.216864+00:00,2026-09-13T01:24:07.888883+00:00,3211.412,False,True,3.288,fx-260912-f951ae9-b
F2BD00,Tepig,3718EB1B,prepared,8EB508,929,2026-09-13T01:39:17.412752+00:00,2026-09-13T01:39:17.250883+00:00,2300.216,False,True,3.253,fx-260912-f951ae9-b
F2BDB0,Robin,E4847F91,prepared,8EB508,582,2026-09-13T01:15:10.948860+00:00,2026-09-13T01:15:11.847883+00:00,3746.68,False,True,3.295,fx-260912-f951ae9-b
F2BDB4,Abra,6A247589,prepared,8EB508,119,2026-09-13T01:01:53.064688+00:00,2026-09-13T01:01:53.163883+00:00,4544.564,False,True,3.242,fx-260912-f951ae9-b
F2BDC4,Batman,3718EB1B,prepared,8EB508,927,2026-09-13T01:24:35.139996+00:00,2026-09-13T01:24:36.955883+00:00,3182.489,False,True,3.279,fx-260912-f951ae9-b
F2BE08,Yoshi,6A247589,prepared,8EB508,117,2026-09-13T01:01:53.173440+00:00,2026-09-13T01:01:53.259883+00:00,4544.455,False,True,3.248,fx-260912-f951ae9-b
F2BE0C,Sakura,3718EB1B,prepared,8EB508,928,2026-09-13T01:39:18.691525+00:00,2026-09-13T01:39:20.473883+00:00,2298.937,False,True,3.083,fx-260912-f951ae9-b
F2BE1C,Ryu,BFE81C8C,prepared,8EB508,290,2026-09-13T01:13:58.678831+00:00,2026-09-13T01:13:59.382883+00:00,3818.95,False,True,3.07,fx-260912-f951ae9-b
F2BE20,Sonic,7021CF8D,prepared,8EB508,649,2026-09-13T01:19:11.810303+00:00,2026-09-13T01:19:13.156883+00:00,3505.819,False,True,3.299,fx-260912-f951ae9-b
F2BE38,Mantis,E4847F91,prepared,8EB508,581,2026-09-13T01:15:16.247989+00:00,2026-09-13T01:15:17.215883+00:00,3741.381,False,True,3.3,fx-260912-f951ae9-b
F2BE3C,Raichu,90271CA0,prepared,8EB508,763,2026-09-13T01:23:48.998991+00:00,2026-09-13T01:23:50.498883+00:00,3228.63,False,True,3.289,fx-260912-f951ae9-b
F2BE48,Lando,6A247589,prepared,8EB508,126,2026-09-13T01:01:53.916034+00:00,2026-09-13T01:01:53.991883+00:00,4543.713,False,True,3.157,fx-260912-f951ae9-b
F2BE60,Ganon,6A247589,prepared,8EB508,118,2026-09-13T01:01:53.206153+00:00,2026-09-13T01:01:53.304883+00:00,4544.423,False,True,3.272,fx-260912-f951ae9-b
F2BE6C,Nebula,3718EB1B,prepared,8EB508,932,2026-09-13T01:24:35.230996+00:00,2026-09-13T01:24:37.061883+00:00,3182.398,False,True,3.23,fx-260912-f951ae9-b
F2BE70,Swablu,3718EB1B,prepared,8EB508,931,2026-09-13T01:39:07.980591+00:00,2026-09-13T01:39:09.690883+00:00,2309.648,False,True,3.287,fx-260912-f951ae9-b
F2BEA4,Aerith,90271CA0,prepared,8EB508,766,2026-09-13T01:23:55.097279+00:00,2026-09-13T01:23:56.648883+00:00,3222.532,False,True,3.262,fx-260912-f951ae9-b
F2BEB4,Lapras,E4847F91,prepared,8EB508,589,2026-09-13T01:15:55.364109+00:00,2026-09-13T01:15:56.503883+00:00,3702.265,False,True,3.288,fx-260912-f951ae9-b
F2BEE4,Toad,90271CA0,prepared,8EB508,771,2026-09-13T01:24:04.847904+00:00,2026-09-13T01:24:06.497883+00:00,3212.781,False,True,3.011,fx-260912-f951ae9-b
F2BEF4,Zidane,90271CA0,prepared,8EB508,758,2026-09-13T01:20:13.016297+00:00,2026-09-13T01:20:14.415883+00:00,3444.613,False,True,3.246,fx-260912-f951ae9-b
F2BF54,Pauline,E4847F91,prepared,8EB508,587,2026-09-13T01:15:26.755385+00:00,2026-09-13T01:15:27.796883+00:00,3730.873,False,True,3.298,fx-260912-f951ae9-b
F2BF60,Clank,90271CA0,prepared,8EB508,767,2026-09-13T01:24:02.047275+00:00,2026-09-13T01:24:03.637883+00:00,3215.582,False,True,3.284,fx-260912-f951ae9-b
F2BF74,Qbert,6A247589,prepared,8EB508,113,2026-09-13T01:00:47.163153+00:00,2026-09-13T01:00:47.698883+00:00,4610.466,False,True,3.239,fx-260912-f951ae9-b
F2BF7C,Rotom,7021CF8D,prepared,8EB508,647,2026-09-13T01:19:06.391192+00:00,2026-09-13T01:19:07.662883+00:00,3511.238,False,True,3.283,fx-260912-f951ae9-b
F2BF8C,Snorlax,6A247589,prepared,8EB508,122,2026-09-13T01:01:53.913545+00:00,2026-09-13T01:01:53.864883+00:00,4543.715,False,True,3.319,fx-260912-f951ae9-b
F2BF90,Sora,BFE81C8C,prepared,8EB508,297,2026-09-13T01:13:56.181254+00:00,2026-09-13T01:13:56.904883+00:00,3821.448,False,True,3.256,fx-260912-f951ae9-b
F2BFE0,Coco,90271CA0,prepared,8EB508,773,2026-09-13T01:23:48.056208+00:00,2026-09-13T01:23:49.592883+00:00,3229.573,False,True,3.293,fx-260912-f951ae9-b
F3FC8C,Psyduck,90271CA0,prepared,8EB508,772,2026-09-13T01:24:10.081777+00:00,2026-09-13T01:24:11.773883+00:00,3207.547,False,True,3.234,fx-260912-f951ae9-b
F3FC90,Shinx,BFE81C8C,prepared,8EB508,293,2026-09-13T01:14:06.447243+00:00,2026-09-13T01:14:07.240883+00:00,3811.182,False,True,3.315,fx-260912-f951ae9-b
F3FC9C,Gamora,3718EB1B,prepared,8EB508,943,2026-09-13T01:26:06.151628+00:00,2026-09-13T01:26:08.161883+00:00,3091.477,False,True,3.327,fx-260912-f951ae9-b
F3FCAC,Ditto,6A247589,prepared,8EB508,110,2026-09-13T01:00:24.530896+00:00,2026-09-13T01:00:24.739883+00:00,4633.098,False,True,3.296,fx-260912-f951ae9-b
F3FD50,Cream,90271CA0,prepared,8EB508,756,2026-09-13T01:20:25.899163+00:00,2026-09-13T01:20:27.382883+00:00,3431.73,False,True,3.269,fx-260912-f951ae9-b
F3FD60,Spock,E4847F91,prepared,8EB508,586,2026-09-13T01:15:27.423688+00:00,2026-09-13T01:15:28.510883+00:00,3730.205,False,True,3.014,fx-260912-f951ae9-b
F3FD88,Torkoal,BFE81C8C,prepared,8EB508,294,2026-09-13T01:14:02.648654+00:00,2026-09-13T01:14:03.417883+00:00,3814.98,False,True,3.287,fx-260912-f951ae9-b
F40174,Pacman,7021CF8D,prepared,8EB508,652,2026-09-13T01:19:05.143182+00:00,2026-09-13T01:19:06.383883+00:00,3512.486,False,True,3.044,fx-260912-f951ae9-b
F4019C,Treecko,BFE81C8C,prepared,8EB508,286,2026-09-13T01:13:48.915655+00:00,2026-09-13T01:13:49.549883+00:00,3828.713,False,True,3.284,fx-260912-f951ae9-b
F401A8,Luigi,BFE81C8C,prepared,8EB508,295,2026-09-13T01:13:58.014165+00:00,2026-09-13T01:13:58.766883+00:00,3819.615,False,True,3.234,fx-260912-f951ae9-b
F401CC,Ratchet,3718EB1B,prepared,8EB508,933,2026-09-13T01:24:35.365389+00:00,2026-09-13T01:24:37.207883+00:00,3182.263,False,True,3.278,fx-260912-f951ae9-b
F401DC,Zubat,E4847F91,prepared,8EB508,591,2026-09-13T01:15:56.982271+00:00,2026-09-13T01:15:58.145883+00:00,3700.647,False,True,3.288,fx-260912-f951ae9-b
F40254,Leeloo,7021CF8D,prepared,8EB508,654,2026-09-13T01:19:00.865568+00:00,2026-09-13T01:19:02.099883+00:00,3516.763,False,True,3.267,fx-260912-f951ae9-b
F40268,Falco,E4847F91,prepared,8EB508,578,2026-09-13T01:15:15.055035+00:00,2026-09-13T01:15:15.973883+00:00,3742.574,False,True,3.293,fx-260912-f951ae9-b
F402A8,,7021CF8D,prepared,8EB508,656,2026-09-13T01:19:09.176951+00:00,2026-09-13T01:19:10.539883+00:00,3508.452,False,True,3.289,fx-260912-f951ae9-b
F402B8,Raven,3718EB1B,prepared,8EB508,937,2026-09-13T01:24:36.622660+00:00,2026-09-13T01:24:38.522883+00:00,3181.006,False,True,3.051,fx-260912-f951ae9-b
F402C4,Ripley,3718EB1B,prepared,8EB508,934,2026-09-13T01:24:37.723918+00:00,2026-09-13T01:24:39.604883+00:00,3179.905,False,True,3.205,fx-260912-f951ae9-b
F40308,Daisy,BFE81C8C,prepared,8EB508,296,2026-09-13T01:14:09.638962+00:00,2026-09-13T01:14:10.478883+00:00,3807.99,False,True,3.29,fx-260912-f951ae9-b
F40310,Espeon,E4847F91,prepared,8EB508,579,2026-09-13T01:15:05.367944+00:00,2026-09-13T01:15:06.119883+00:00,3752.261,False,True,3.285,fx-260912-f951ae9-b
F40314,Dixie,3718EB1B,prepared,8EB508,941,2026-09-13T01:26:01.398140+00:00,2026-09-13T01:26:03.338883+00:00,3096.231,False,True,3.327,fx-260912-f951ae9-b
F40348,Marill,90271CA0,prepared,8EB508,759,2026-09-13T01:20:21.996858+00:00,2026-09-13T01:20:23.444883+00:00,3435.632,False,True,3.283,fx-260912-f951ae9-b
F40350,Guile,90271CA0,prepared,8EB508,769,2026-09-13T01:24:16.095719+00:00,2026-09-13T01:24:17.819883+00:00,3201.533,False,True,3.053,fx-260912-f951ae9-b
F4035C,Dratini,90271CA0,prepared,8EB508,760,2026-09-13T01:20:24.639699+00:00,2026-09-13T01:20:25.919883+00:00,3432.989,False,True,3.326,fx-260912-f951ae9-b
F40364,Riju,3718EB1B,prepared,8EB508,935,2026-09-13T01:24:35.288072+00:00,2026-09-13T01:24:37.146883+00:00,3182.341,False,True,3.246,fx-260912-f951ae9-b
F40384,Leia,6A247589,prepared,8EB508,114,2026-09-13T01:01:52.413684+00:00,2026-09-13T01:01:52.447883+00:00,4545.215,False,True,3.266,fx-260912-f951ae9-b
F403DC,Sneasel,3718EB1B,prepared,8EB508,942,2026-09-13T01:26:05.996740+00:00,2026-09-13T01:26:07.990883+00:00,3091.632,False,True,3.282,fx-260912-f951ae9-b
F403F0,Midna,E4847F91,prepared,8EB508,577,2026-09-13T01:15:14.949050+00:00,2026-09-13T01:15:15.887883+00:00,3742.68,False,True,3.326,fx-260912-f951ae9-b
F4042C,Cynder,6A247589,prepared,8EB508,120,2026-09-13T01:01:53.916034+00:00,2026-09-13T01:01:53.807883+00:00,4543.713,False,True,3.257,fx-260912-f951ae9-b
F4043C,Joltik,7021CF8D,prepared,8EB508,648,2026-09-13T01:19:00.881384+00:00,2026-09-13T01:19:02.091883+00:00,3516.747,False,True,3.288,fx-260912-f951ae9-b
