fixture_id,callsign,assignment,category
9D7884,Daxter,assigned,game
9E5954,Absol,assigned,pokemon
9E5A58,Murkrow,assigned,pokemon
9E5A5C,Yuna,assigned,game
9E5A70,Snivy,assigned,pokemon
9E5A74,Ahsoka,assigned,pop
9E5A84,Panther,assigned,pop
9E5A88,Logan,assigned,pop
9E5A94,Venom,assigned,pop
9E5A9C,Scyther,assigned,pokemon
9E5AB0,Togepi,assigned,pokemon
9E5AC8,Gastly,assigned,pokemon
9E5AD4,Loki,assigned,pop
9E5AD8,Shulk,assigned,game
9E5AE0,Ralts,assigned,pokemon
9E5AE4,Blade,assigned,pop
9E5AF4,Uhura,assigned,pop
9E5B00,Drax,assigned,pop
9E5B04,Torchic,assigned,pokemon
9E5B10,Revali,assigned,game
9E5B14,Falcon,assigned,pop
9E5B18,Froakie,assigned,pokemon
9E5B34,Gible,assigned,pokemon
9E5B48,Sackboy,assigned,game
9E5B5C,Mipha,assigned,game
9E5B68,Piplup,assigned,pokemon
9E5B8C,Bowser,assigned,game
9E5B98,Shuri,assigned,pop
9E668C,Akuma,assigned,game
9F0E30,Wooper,assigned,pokemon
9F0E4C,Yuffie,assigned,game
9F0E54,Eevee,assigned,pokemon
9F0E5C,Tangela,assigned,pokemon
9F0E7C,Navi,assigned,game
9F2638,Lucas,assigned,game
9F2648,Cubone,assigned,pokemon
9F2664,Hawkeye,assigned,pop
9F266C,Meowth,assigned,pokemon
9F2678,Seviper,assigned,pokemon
9F2680,Buizel,assigned,pokemon
9F2684,Mudkip,assigned,pokemon
9F2688,Megaman,assigned,game
9F2694,Mewtwo,assigned,pokemon
9F26A4,Litwick,assigned,pokemon
9F26AC,Tauros,assigned,pokemon
9F26B0,Rikku,assigned,game
9F26B4,Kairi,assigned,game
9F26BC,Pinsir,assigned,pokemon
9F26C0,Zorua,assigned,pokemon
9F26C4,Hellboy,assigned,pop
9F26D0,Auron,assigned,game
9F26D4,Hulk,assigned,pop
9F26E4,Grogu,assigned,pop
9F26E8,Tifa,assigned,game
9F2708,Phanpy,assigned,pokemon
9F2714,Chunli,assigned,game
9F2718,Espio,assigned,game
9F2720,Wanda,assigned,pop
9F2724,Groot,assigned,pop
9F2738,Ness,assigned,game
9F275C,Totoro,assigned,pop
9F2780,Mario,assigned,game
F2B7DC,Ponyta,assigned,pokemon
F2B8DC,Ken,assigned,game
F2BCE0,Pikachu,assigned,pokemon
F2BCF0,Spyro,assigned,game
F2BCF4,Gambit,assigned,pop
F2BD00,Tepig,assigned,pokemon
F2BDB0,Robin,assigned,pop
F2BDB4,Abra,assigned,pokemon
F2BDC0,Peach,assigned,game
F2BDC4,Batman,assigned,pop
F2BDD4,Gengar,assigned,pokemon
F2BE08,Yoshi,assigned,game
F2BE0C,Sakura,assigned,game
F2BE10,Donkey,assigned,game
F2BE1C,Ryu,assigned,game
F2BE20,Sonic,assigned,game
F2BE38,Mantis,assigned,pop
F2BE3C,Raichu,assigned,pokemon
F2BE48,Lando,assigned,pop
F2BE60,Ganon,assigned,game
F2BE64,Kirby,assigned,game
F2BE6C,Nebula,assigned,pop
F2BE70,Swablu,assigned,pokemon
F2BE8C,Olimar,assigned,game
F2BE94,Milotic,assigned,pokemon
F2BEA4,Aerith,assigned,game
F2BEB4,Lapras,assigned,pokemon
F2BED4,Riolu,assigned,pokemon
F2BEE4,Toad,assigned,game
F2BEF4,Zidane,assigned,game
F2BF54,Pauline,assigned,game
F2BF5C,Kiki,assigned,pop
F2BF60,Clank,assigned,game
F2BF74,Qbert,assigned,game
F2BF7C,Rotom,assigned,pokemon
F2BF8C,Snorlax,assigned,pokemon
F2BF90,Sora,assigned,game
F2BFA0,Lucario,assigned,pokemon
F3FC8C,Psyduck,assigned,pokemon
F3FC90,Shinx,assigned,pokemon
F3FC9C,Gamora,assigned,pop
F3FCAC,Ditto,assigned,pokemon
F3FD28,Skitty,assigned,pokemon
F3FD50,Cream,assigned,game
F3FD60,Spock,assigned,pop
F3FD88,Torkoal,assigned,pokemon
F40174,Pacman,assigned,game
F4019C,Treecko,assigned,pokemon
F401A8,Luigi,assigned,game
F401CC,Ratchet,assigned,game
F401DC,Zubat,assigned,pokemon
F40254,Leeloo,assigned,pop
F40268,Falco,assigned,game
F402B8,Raven,assigned,pop
F402C4,Ripley,assigned,pop
F402D0,Amy,assigned,game
F40310,Espeon,assigned,pokemon
F4031C,Shuckle,assigned,pokemon
F40344,Thor,assigned,pop
F40350,Guile,assigned,game
F40358,Ridley,assigned,game
F40364,Riju,assigned,game
F40380,Epona,assigned,game
F40384,Leia,assigned,pop
F403DC,Sneasel,assigned,pokemon
F403F0,Midna,assigned,game
F40414,Diddy,assigned,game
F40424,Tidus,assigned,game
F4042C,Cynder,assigned,game
F40438,Haunter,assigned,pokemon
F4043C,Joltik,assigned,pokemon
F4044C,Axew,assigned,pokemon
9E5B44,Astro,assigned,game
9F26D8,Bidoof,assigned,pokemon
F2B900,Cammy,assigned,game
F2BFE0,Coco,assigned,game
F40308,Daisy,assigned,game
F40314,Dixie,assigned,game
F4035C,Dratini,assigned,pokemon
F2BDFC,Magmar,assigned,pokemon
F402A4,Magneto,assigned,pop
F40348,Marill,assigned,pokemon
F402A8,Onix,assigned,pokemon
,Rocket,spare,pop
,Roxas,spare,game
,Samus,spare,game
,Sidon,spare,game
,Spinda,spare,pokemon
,Stitch,spare,pop
,Tails,spare,game
,Umbreon,spare,pokemon
,Vector,spare,game
,Victini,spare,pokemon
,Vivi,spare,game
,Vulpix,spare,pokemon
,Wario,spare,game
,Yoda,spare,pop
,Zelda,spare,game
