id,callsign,last_heard_elapsed_s,age_at_end_s,battery_v,battery_v_age_s,firmware_rev,firmware_rev_age_s,power_tier,power_tier_age_s,profile,profile_age_s,last_sleep_cause,last_sleep_cause_age_s,last_sleep_s,last_sleep_s_age_s,uptime_ms,uptime_ms_age_s,supply_good,supply_good_age_s,led_rail_on,led_rail_on_age_s,reset_reason,reset_reason_age_s,rssi_dbm,rssi_dbm_age_s,config_capacity_mah,config_capacity_mah_age_s
9D7884,Daxter,1739.51,10.217,3.273,10.217,fx-260831-f121868-b,10.217,0,10.217,1,10.217,2,10.217,120,10.217,14470,10.217,False,10.217,False,579.699,deepsleep,10.217,-77,10.217,6000,579.699
9E5954,Absol,1649.464,100.263,3.21,100.263,fx-260831-f121868-b,100.263,0,100.263,1,100.263,2,100.263,120,100.263,12407,100.263,False,100.263,False,100.263,deepsleep,100.263,-73,100.263,15000,100.263
9E5A58,Murkrow,1114.484,635.243,3.196,635.243,fx-260831-f121868-b,635.243,3,635.243,1,635.243,1,635.243,900,635.243,9170,635.243,False,635.243,False,635.243,deepsleep,635.243,-75,635.243,6000,635.243
9E5A5C,Yuna,1651.342,98.385,3.265,98.385,fx-260831-f121868-b,98.385,0,98.385,1,98.385,2,98.385,120,98.385,12410,98.385,False,98.385,False,98.385,deepsleep,98.385,-79,98.385,6000,98.385
9E5A74,Ahsoka,1647.387,102.34,3.163,102.34,fx-260831-f121868-b,102.34,0,102.34,1,102.34,2,102.34,120,102.34,12441,102.34,False,102.34,False,102.34,deepsleep,102.34,-78,102.34,6000,102.34
9E5A84,Panther,1649.138,100.589,3.204,100.589,fx-260831-f121868-b,100.589,1,100.589,1,100.589,2,100.589,120,100.589,12472,100.589,False,100.589,False,364.72,deepsleep,100.589,-74,100.589,15000,364.72
9E5A88,Logan,1648.441,101.287,3.201,101.287,fx-260831-f121868-b,101.287,0,101.287,1,101.287,2,101.287,120,101.287,12409,101.287,False,101.287,False,233.292,deepsleep,101.287,-75,101.287,15000,233.292
9E5A94,Venom,1285.994,463.734,3.275,463.734,fx-260831-f121868-b,463.734,3,463.734,1,463.734,1,463.734,900,463.734,9170,463.734,False,463.734,False,463.734,deepsleep,463.734,-79,463.734,15000,463.734
9E5AB0,Togepi,889.81,859.917,3.285,859.917,fx-260831-f121868-b,859.917,3,859.917,1,859.917,1,859.917,900,859.917,9170,859.917,False,859.917,False,859.917,deepsleep,859.917,-65,859.917,6000,859.917
9E5AC8,Gastly,1649.848,99.88,3.28,99.88,fx-260831-f121868-b,99.88,0,99.88,1,99.88,2,99.88,120,99.88,12448,99.88,False,99.88,False,99.88,deepsleep,99.88,-66,99.88,6000,99.88
9E5AD4,Loki,1069.802,679.925,3.323,679.925,fx-260831-dc82da7-b,679.925,3,679.925,1,679.925,1,679.925,900,679.925,9170,679.925,False,679.925,False,679.925,deepsleep,679.925,-74,679.925,6000,679.925
9E5AE0,Ralts,979.587,770.14,3.007,770.14,fx-260831-f121868-b,770.14,3,770.14,1,770.14,1,770.14,900,770.14,9170,770.14,False,770.14,False,770.14,deepsleep,770.14,-70,770.14,6000,770.14
9E5AE4,Blade,1654.972,94.755,3.176,94.755,fx-260831-f121868-b,94.755,0,94.755,1,94.755,2,94.755,120,94.755,12433,94.755,False,94.755,False,94.755,deepsleep,94.755,-76,94.755,6000,94.755
9E5B04,Torchic,1534.322,215.405,3.041,215.405,fx-260831-f121868-b,215.405,3,215.405,1,215.405,1,215.405,900,215.405,9170,215.405,False,215.405,False,215.405,deepsleep,215.405,-69,215.405,6000,215.405
9E5B10,Revali,1219.896,529.832,3.286,529.832,fx-260831-f121868-b,529.832,3,529.832,1,529.832,1,529.832,900,529.832,9170,529.832,False,529.832,False,529.832,deepsleep,529.832,-68,529.832,6000,529.832
9E5B14,Falcon,1648.012,101.715,3.179,101.715,fx-260831-f121868-b,101.715,0,101.715,1,101.715,2,101.715,120,101.715,12491,101.715,False,101.715,False,101.715,deepsleep,101.715,-71,101.715,6000,101.715
9E5B18,Froakie,1381.295,368.433,3.193,368.433,fx-260831-f121868-b,368.433,3,368.433,1,368.433,1,368.433,900,368.433,9170,368.433,False,368.433,False,368.433,deepsleep,368.433,-79,368.433,6000,368.433
9E5B34,Gible,1254.775,494.953,3.059,494.953,fx-260831-f121868-b,494.953,3,494.953,1,494.953,1,494.953,900,494.953,9170,494.953,False,494.953,False,494.953,deepsleep,494.953,-76,494.953,6000,494.953
9E5B44,Astro,1619.639,130.089,3.074,130.089,fx-260831-f121868-b,130.089,3,130.089,1,130.089,1,130.089,900,130.089,9170,130.089,False,130.089,False,130.089,deepsleep,130.089,-79,130.089,6000,130.089
9E5B48,Sackboy,1510.83,238.897,3.217,238.897,fx-260831-f121868-b,238.897,3,238.897,1,238.897,1,238.897,900,238.897,9171,238.897,False,238.897,False,238.897,deepsleep,238.897,-75,238.897,6000,238.897
9E5B5C,Mipha,1655.576,94.151,3.189,94.151,fx-260831-b3e2738-b,94.151,0,94.151,1,94.151,2,94.151,120,94.151,12386,94.151,False,94.151,False,226.121,deepsleep,94.151,-73,94.151,6000,226.121
9E5B68,Piplup,1654.952,94.775,3.225,94.775,fx-260831-f121868-b,94.775,0,94.775,1,94.775,2,94.775,120,94.775,12409,94.775,False,94.775,False,94.775,deepsleep,94.775,-80,94.775,6000,94.775
9E5B8C,Bowser,1420.64,329.087,3.138,329.087,fx-260831-f121868-b,329.087,3,329.087,1,329.087,1,329.087,900,329.087,9170,329.087,False,329.087,False,329.087,deepsleep,329.087,-71,329.087,6000,329.087
9E668C,Akuma,912.597,837.13,3.163,837.13,fx-260831-f121868-b,837.13,3,837.13,1,837.13,1,837.13,900,837.13,9170,837.13,False,837.13,False,837.13,deepsleep,837.13,-71,837.13,15000,837.13
9F0E4C,Yuffie,915.261,834.466,3.171,834.466,fx-260831-f121868-b,834.466,3,834.466,1,834.466,1,834.466,900,834.466,9171,834.466,False,834.466,False,834.466,deepsleep,834.466,-68,834.466,6000,834.466
9F0E54,Eevee,1709.918,39.809,3.253,39.809,fx-260831-b3e2738-b,39.809,0,39.809,1,39.809,2,39.809,120,39.809,12442,39.809,False,39.809,False,39.809,deepsleep,39.809,-79,39.809,15000,39.809
9F0E5C,Tangela,1652.997,96.73,3.189,96.73,fx-260831-f121868-b,96.73,0,96.73,1,96.73,2,96.73,120,96.73,12478,96.73,False,96.73,False,96.73,deepsleep,96.73,-61,96.73,6000,96.73
9F0E7C,Navi,1615.497,134.23,3.193,134.23,fx-260831-f121868-b,134.23,3,134.23,1,134.23,1,134.23,900,134.23,9170,134.23,False,134.23,False,134.23,deepsleep,134.23,-76,134.23,6000,134.23
9F2638,Lucas,1643.058,106.67,3.196,106.67,fx-260831-f121868-b,106.67,1,106.67,1,106.67,2,106.67,120,106.67,12459,106.67,False,106.67,False,106.67,deepsleep,106.67,-67,106.67,6000,106.67
9F2648,Cubone,958.465,791.262,3.267,791.262,fx-260831-b3e2738-b,791.262,3,791.262,1,791.262,1,791.262,900,791.262,9170,791.262,False,791.262,False,791.262,deepsleep,791.262,-82,791.262,6000,791.262
9F2664,Hawkeye,1652.621,97.106,3.168,97.106,fx-260831-f121868-b,97.106,0,97.106,1,97.106,2,97.106,120,97.106,12440,97.106,False,97.106,False,97.106,deepsleep,97.106,-73,97.106,6000,97.106
9F266C,Meowth,1652.445,97.283,3.257,97.283,fx-260831-f121868-b,97.283,0,97.283,1,97.283,2,97.283,120,97.283,12421,97.283,False,97.283,False,97.283,deepsleep,97.283,-70,97.283,15000,97.283
9F2680,Buizel,1653.824,95.903,3.185,95.903,fx-260831-f121868-b,95.903,0,95.903,1,95.903,2,95.903,120,95.903,12448,95.903,False,95.903,False,95.903,deepsleep,95.903,-68,95.903,6000,95.903
9F268C,,1175.441,574.286,3.317,574.286,fx-260831-dc82da7-b,574.286,3,574.286,1,574.286,1,574.286,900,574.286,9170,574.286,False,574.286,False,574.286,deepsleep,574.286,-75,574.286,6000,574.286
9F2694,Mewtwo,1661.876,87.852,3.309,87.852,fx-260831-dc82da7-b,87.852,3,87.852,1,87.852,1,87.852,900,87.852,9170,87.852,False,87.852,False,87.852,deepsleep,87.852,-81,87.852,6000,87.852
9F26AC,Tauros,916.781,832.946,3.0,832.946,fx-260831-f121868-b,832.946,3,832.946,1,832.946,1,832.946,900,832.946,9170,832.946,False,832.946,False,832.946,deepsleep,832.946,-83,832.946,6000,832.946
9F26B0,Rikku,1391.824,357.903,3.178,357.903,fx-260831-f121868-b,357.903,3,357.903,1,357.903,1,357.903,900,357.903,9171,357.903,False,357.903,False,357.903,deepsleep,357.903,-66,357.903,15000,357.903
9F26BC,Pinsir,1098.083,651.644,3.232,651.644,fx-260831-f121868-b,651.644,3,651.644,1,651.644,1,651.644,900,651.644,9170,651.644,False,651.644,False,651.644,deepsleep,651.644,-68,651.644,15000,651.644
9F26C0,Zorua,1387.383,362.345,3.216,362.345,fx-260831-f121868-b,362.345,3,362.345,1,362.345,1,362.345,900,362.345,9171,362.345,False,362.345,False,362.345,deepsleep,362.345,-72,362.345,6000,362.345
9F26C4,Hellboy,1651.841,97.886,3.311,97.886,fx-260831-f121868-b,97.886,0,97.886,1,97.886,2,97.886,120,97.886,12433,97.886,False,97.886,False,230.021,deepsleep,97.886,-85,97.886,6000,230.021
9F26D4,Hulk,1654.472,95.255,3.182,95.255,fx-260831-f121868-b,95.255,0,95.255,1,95.255,2,95.255,120,95.255,12400,95.255,False,95.255,False,95.255,deepsleep,95.255,-70,95.255,6000,95.255
9F26D8,Bidoof,1654.134,95.593,3.211,95.593,fx-260831-f121868-b,95.593,0,95.593,1,95.593,2,95.593,120,95.593,12925,95.593,False,95.593,False,228.43,deepsleep,95.593,-68,95.593,6000,228.43
9F26E4,Grogu,1502.769,246.958,3.196,246.958,fx-260831-f121868-b,246.958,3,246.958,1,246.958,1,246.958,900,246.958,9170,246.958,False,246.958,False,246.958,deepsleep,246.958,-81,246.958,6000,246.958
9F26E8,Tifa,1182.342,567.385,3.253,567.385,fx-260831-f121868-b,567.385,3,567.385,1,567.385,1,567.385,900,567.385,9170,567.385,False,567.385,False,567.385,deepsleep,567.385,-70,567.385,6000,567.385
9F2714,Chunli,1208.394,541.334,2.618,541.334,fx-260831-b3e2738-b,541.334,3,541.334,1,541.334,1,541.334,900,541.334,9271,541.334,False,541.334,False,541.334,deepsleep,541.334,-75,541.334,6000,541.334
9F2718,Espio,1648.948,100.779,3.169,100.779,fx-260831-f121868-b,100.779,0,100.779,1,100.779,2,100.779,120,100.779,12454,100.779,False,100.779,False,100.779,deepsleep,100.779,-73,100.779,6000,100.779
9F2720,Wanda,1650.696,99.031,3.168,99.031,fx-260831-f121868-b,99.031,1,99.031,1,99.031,2,99.031,120,99.031,12491,99.031,False,99.031,False,99.031,deepsleep,99.031,-75,99.031,6000,99.031
9F2738,Ness,1150.738,598.989,3.283,598.989,fx-260831-f121868-b,598.989,3,598.989,1,598.989,1,598.989,900,598.989,9170,598.989,False,598.989,False,598.989,deepsleep,598.989,-72,598.989,6000,598.989
9F275C,Totoro,993.353,756.374,3.27,756.374,fx-260831-f121868-b,756.374,3,756.374,1,756.374,1,756.374,900,756.374,9170,756.374,False,756.374,False,756.374,deepsleep,756.374,-78,756.374,15000,756.374
F2B7DC,Ponyta,1698.999,50.728,2.582,50.728,fx-260831-dc82da7-b,50.728,3,50.728,1,50.728,1,50.728,900,50.728,9271,50.728,False,50.728,False,50.728,deepsleep,50.728,-77,50.728,6000,50.728
F2B900,Cammy,1739.394,10.333,3.28,10.333,fx-260831-b3e2738-b,10.333,3,10.333,1,10.333,1,10.333,900,10.333,9170,10.333,False,10.333,False,10.333,deepsleep,10.333,-87,10.333,6000,10.333
F2BCF0,Spyro,1451.313,298.415,3.258,298.415,fx-260831-b3e2738-b,298.415,3,298.415,1,298.415,1,298.415,900,298.415,9170,298.415,False,298.415,False,298.415,deepsleep,298.415,-73,298.415,6000,298.415
F2BD00,Tepig,1264.412,485.316,3.246,485.316,fx-260831-dc82da7-b,485.316,3,485.316,1,485.316,1,485.316,900,485.316,9170,485.316,False,485.316,False,485.316,deepsleep,485.316,-78,485.316,6000,485.316
F2BDB0,Robin,904.255,845.472,3.295,845.472,fx-260831-f121868-b,845.472,3,845.472,1,845.472,1,845.472,900,845.472,9170,845.472,False,845.472,False,845.472,deepsleep,845.472,-81,845.472,6000,845.472
F2BDB4,Abra,1706.206,43.521,3.232,43.521,fx-260831-b3e2738-b,43.521,1,43.521,1,43.521,2,43.521,120,43.521,12582,43.521,False,43.521,False,175.842,deepsleep,43.521,-79,43.521,6000,175.842
F2BDC4,Batman,1248.57,501.158,3.284,501.158,fx-260831-dc82da7-b,501.158,3,501.158,1,501.158,1,501.158,900,501.158,9171,501.158,False,501.158,False,501.158,deepsleep,501.158,-70,501.158,6000,501.158
F2BE08,Yoshi,1648.702,101.025,3.242,101.025,fx-260831-f121868-b,101.025,0,101.025,1,101.025,2,101.025,120,101.025,12458,101.025,False,101.025,False,101.025,deepsleep,101.025,-77,101.025,6000,101.025
F2BE0C,Sakura,1262.012,487.716,3.087,487.716,fx-260831-f121868-b,487.716,3,487.716,1,487.716,1,487.716,900,487.716,9170,487.716,False,487.716,False,487.716,deepsleep,487.716,-74,487.716,6000,487.716
F2BE1C,Ryu,1680.354,69.374,3.064,69.374,fx-260831-dc82da7-b,69.374,3,69.374,1,69.374,1,69.374,900,69.374,9170,69.374,False,69.374,False,69.374,deepsleep,69.374,-66,69.374,6000,69.374
F2BE20,Sonic,1058.024,691.703,3.291,691.703,fx-260831-f121868-b,691.703,3,691.703,1,691.703,1,691.703,900,691.703,9170,691.703,False,691.703,False,691.703,deepsleep,691.703,-71,691.703,15000,691.703
F2BE38,Mantis,894.289,855.438,3.291,855.438,fx-260831-f121868-b,855.438,3,855.438,1,855.438,1,855.438,900,855.438,9170,855.438,False,855.438,False,855.438,deepsleep,855.438,-84,855.438,15000,855.438
F2BE3C,Raichu,1384.736,364.991,3.281,364.991,fx-260831-dc82da7-b,364.991,3,364.991,1,364.991,1,364.991,900,364.991,9170,364.991,False,364.991,False,364.991,deepsleep,364.991,-79,364.991,6000,364.991
F2BE48,Lando,1704.549,45.178,3.165,45.178,fx-260831-b3e2738-b,45.178,1,45.178,1,45.178,2,45.178,120,45.178,12496,45.178,False,45.178,False,45.178,deepsleep,45.178,-75,45.178,15000,45.178
F2BE60,Ganon,1656.943,92.784,3.271,92.784,fx-260831-f121868-b,92.784,0,92.784,1,92.784,2,92.784,120,92.784,12400,92.784,False,92.784,False,92.784,deepsleep,92.784,-80,92.784,6000,92.784
F2BE6C,Nebula,1313.247,436.481,3.234,436.481,fx-260831-dc82da7-b,436.481,3,436.481,1,436.481,1,436.481,900,436.481,9170,436.481,False,436.481,False,436.481,deepsleep,436.481,-70,436.481,6000,436.481
F2BE70,Swablu,1284.568,465.16,3.258,465.16,fx-260831-dc82da7-b,465.16,3,465.16,1,465.16,1,465.16,900,465.16,9170,465.16,False,465.16,False,465.16,deepsleep,465.16,-66,465.16,6000,465.16
F2BEA4,Aerith,1396.8,352.927,3.238,352.927,fx-260831-f121868-b,352.927,3,352.927,1,352.927,1,352.927,900,352.927,9170,352.927,False,352.927,False,352.927,deepsleep,352.927,-75,352.927,15000,352.927
F2BEB4,Lapras,965.586,784.141,3.28,784.141,fx-260831-dc82da7-b,784.141,3,784.141,1,784.141,1,784.141,900,784.141,9170,784.141,False,784.141,False,784.141,deepsleep,784.141,-82,784.141,6000,784.141
F2BEE4,Toad,1458.868,290.86,2.995,290.86,fx-260831-f121868-b,290.86,3,290.86,1,290.86,1,290.86,900,290.86,9170,290.86,False,290.86,False,290.86,deepsleep,290.86,-69,290.86,15000,290.86
F2BEF4,Zidane,1225.153,524.575,3.213,524.575,fx-260831-f121868-b,524.575,3,524.575,1,524.575,1,524.575,900,524.575,9170,524.575,False,524.575,False,524.575,deepsleep,524.575,-81,524.575,6000,524.575
F2BF54,Pauline,939.696,810.031,3.28,810.031,fx-260831-f121868-b,810.031,3,810.031,1,810.031,1,810.031,900,810.031,9170,810.031,False,810.031,False,810.031,deepsleep,810.031,-83,810.031,15000,810.031
F2BF60,Clank,1415.04,334.687,3.267,334.687,fx-260831-dc82da7-b,334.687,3,334.687,1,334.687,1,334.687,900,334.687,9170,334.687,False,334.687,False,334.687,deepsleep,334.687,-76,334.687,6000,334.687
F2BF74,Qbert,1711.243,38.485,3.221,38.485,fx-260831-b3e2738-b,38.485,0,38.485,1,38.485,2,38.485,120,38.485,20064,38.485,False,38.485,False,610.95,deepsleep,38.485,-67,38.485,6000,610.95
F2BF7C,Rotom,1023.986,725.741,3.28,725.741,fx-260831-dc82da7-b,725.741,3,725.741,1,725.741,1,725.741,900,725.741,9170,725.741,False,725.741,False,725.741,deepsleep,725.741,-80,725.741,6000,725.741
F2BF8C,Snorlax,1710.007,39.72,3.243,39.72,fx-260831-dc82da7-b,39.72,0,39.72,1,39.72,2,39.72,120,39.72,12439,39.72,False,39.72,False,39.72,deepsleep,39.72,-75,39.72,6000,39.72
F2BF90,Sora,883.217,866.51,3.239,866.51,fx-260831-dc82da7-b,866.51,3,866.51,1,866.51,1,866.51,900,866.51,9170,866.51,False,866.51,False,866.51,deepsleep,866.51,-66,866.51,6000,866.51
F2BFE0,Coco,1495.329,254.398,3.284,254.398,fx-260831-f121868-b,254.398,3,254.398,1,254.398,1,254.398,900,254.398,9170,254.398,False,254.398,False,254.398,deepsleep,254.398,-80,254.398,6000,254.398
F3FC8C,Psyduck,1465.299,284.428,3.225,284.428,fx-260831-f121868-b,284.428,3,284.428,1,284.428,1,284.428,900,284.428,9170,284.428,False,284.428,False,284.428,deepsleep,284.428,-73,284.428,6000,284.428
F3FC90,Shinx,1739.157,10.57,3.316,10.57,fx-260831-f121868-b,10.57,0,10.57,1,10.57,1,10.57,900,10.57,347,10.57,False,10.57,False,903.299,deepsleep,10.57,-79,10.57,15000,903.299
F3FC9C,Gamora,1589.777,159.95,3.315,159.95,fx-260831-dc82da7-b,159.95,3,159.95,1,159.95,1,159.95,900,159.95,9171,159.95,False,159.95,False,159.95,deepsleep,159.95,-71,159.95,6000,159.95
F3FCAC,Ditto,1634.137,115.59,3.305,115.59,fx-260831-dc82da7-b,115.59,0,115.59,1,115.59,2,115.59,120,115.59,19297,115.59,False,115.59,False,829.795,deepsleep,115.59,-77,115.59,6000,829.795
F3FD50,Cream,1213.101,536.627,3.26,536.627,fx-260831-f121868-b,536.627,3,536.627,1,536.627,1,536.627,900,536.627,9171,536.627,False,536.627,False,536.627,deepsleep,536.627,-75,536.627,6000,536.627
F3FD60,Spock,934.456,815.271,2.963,815.271,fx-260831-f121868-b,815.271,3,815.271,1,815.271,1,815.271,900,815.271,9271,815.271,False,815.271,False,815.271,deepsleep,815.271,-75,815.271,6000,815.271
F3FD88,Torkoal,853.538,896.189,3.28,896.189,fx-260831-b3e2738-b,896.189,3,896.189,1,896.189,1,896.189,900,896.189,9170,896.189,False,896.189,False,896.189,deepsleep,896.189,-68,896.189,6000,896.189
F40174,Pacman,1093.586,656.141,3.024,656.141,fx-260831-f121868-b,656.141,3,656.141,1,656.141,1,656.141,900,656.141,9170,656.141,False,656.141,False,656.141,deepsleep,656.141,-82,656.141,15000,656.141
F4019C,Treecko,1614.404,135.323,3.278,135.323,fx-260831-dc82da7-b,135.323,3,135.323,1,135.323,1,135.323,900,135.323,9170,135.323,False,135.323,False,135.323,deepsleep,135.323,-72,135.323,6000,135.323
F401A8,Luigi,862.585,887.142,3.23,887.142,fx-260831-f121868-b,887.142,3,887.142,1,887.142,1,887.142,900,887.142,9171,887.142,False,887.142,False,887.142,deepsleep,887.142,-69,887.142,6000,887.142
F401CC,Ratchet,1344.346,405.381,3.277,405.381,fx-260831-dc82da7-b,405.381,3,405.381,1,405.381,1,405.381,900,405.381,9170,405.381,False,405.381,False,405.381,deepsleep,405.381,-82,405.381,6000,405.381
F401DC,Zubat,983.032,766.695,3.278,766.695,fx-260831-dc82da7-b,766.695,3,766.695,1,766.695,1,766.695,900,766.695,9170,766.695,False,766.695,False,766.695,deepsleep,766.695,-70,766.695,6000,766.695
F40254,Leeloo,1129.461,620.266,3.26,620.266,fx-260831-f121868-b,620.266,3,620.266,1,620.266,1,620.266,900,620.266,9170,620.266,False,620.266,False,620.266,deepsleep,620.266,-76,620.266,6000,620.266
F40268,Falco,883.474,866.253,3.285,866.253,fx-260831-f121868-b,866.253,3,866.253,1,866.253,1,866.253,900,866.253,9170,866.253,False,866.253,False,866.253,deepsleep,866.253,-80,866.253,6000,866.253
F402A8,,1168.494,581.233,3.278,581.233,fx-260831-b3e2738-b,581.233,3,581.233,1,581.233,1,581.233,900,581.233,9170,581.233,False,581.233,False,581.233,deepsleep,581.233,-77,581.233,6000,581.233
F402B8,Raven,1486.163,263.564,3.042,263.564,fx-260831-dc82da7-b,263.564,3,263.564,1,263.564,1,263.564,900,263.564,9170,263.564,False,263.564,False,263.564,deepsleep,263.564,-77,263.564,6000,263.564
F402C4,Ripley,1338.481,411.246,3.191,411.246,fx-260831-f121868-b,411.246,3,411.246,1,411.246,1,411.246,900,411.246,9170,411.246,False,411.246,False,411.246,deepsleep,411.246,-74,411.246,6000,411.246
F40308,Daisy,858.927,890.8,3.275,890.8,fx-260831-dc82da7-b,890.8,3,890.8,1,890.8,1,890.8,900,890.8,9170,890.8,False,890.8,False,890.8,deepsleep,890.8,-74,890.8,6000,890.8
F40310,Espeon,906.903,842.824,3.275,842.824,fx-260831-f121868-b,842.824,3,842.824,1,842.824,1,842.824,900,842.824,9171,842.824,False,842.824,False,842.824,deepsleep,842.824,-75,842.824,6000,842.824
F40314,Dixie,1563.48,186.247,3.318,186.247,fx-260831-f121868-b,186.247,3,186.247,1,186.247,1,186.247,900,186.247,9170,186.247,False,186.247,False,186.247,deepsleep,186.247,-74,186.247,6000,186.247
F40348,Marill,1236.54,513.188,3.28,513.188,fx-260831-dc82da7-b,513.188,3,513.188,1,513.188,1,513.188,900,513.188,9170,513.188,False,513.188,False,513.188,deepsleep,513.188,-71,513.188,6000,513.188
F40350,Guile,1426.914,322.814,3.039,322.814,fx-260831-f121868-b,322.814,3,322.814,1,322.814,1,322.814,900,322.814,9170,322.814,False,322.814,False,322.814,deepsleep,322.814,-70,322.814,6000,322.814
F4035C,Dratini,1237.904,511.824,3.317,511.824,fx-260831-b3e2738-b,511.824,3,511.824,1,511.824,1,511.824,900,511.824,9170,511.824,False,511.824,False,511.824,deepsleep,511.824,-76,511.824,6000,511.824
F40364,Riju,1349.43,400.297,3.248,400.297,fx-260831-f121868-b,400.297,3,400.297,1,400.297,1,400.297,900,400.297,9170,400.297,False,400.297,False,400.297,deepsleep,400.297,-70,400.297,15000,400.297
F40384,Leia,1706.964,42.763,3.267,42.763,fx-260831-b3e2738-b,42.763,0,42.763,1,42.763,2,42.763,120,42.763,12410,42.763,False,42.763,False,42.763,deepsleep,42.763,-74,42.763,6000,42.763
F403DC,Sneasel,1573.231,176.496,3.267,176.496,fx-260831-f121868-b,176.496,3,176.496,1,176.496,1,176.496,900,176.496,9171,176.496,False,176.496,False,176.496,deepsleep,176.496,-70,176.496,6000,176.496
F403F0,Midna,885.196,864.531,3.315,864.531,fx-260831-f121868-b,864.531,3,864.531,1,864.531,1,864.531,900,864.531,9170,864.531,False,864.531,False,864.531,deepsleep,864.531,-75,864.531,6000,864.531
F4042C,Cynder,1650.835,98.892,3.245,98.892,fx-260831-f121868-b,98.892,0,98.892,1,98.892,2,98.892,120,98.892,12454,98.892,False,98.892,False,98.892,deepsleep,98.892,-65,98.892,6000,98.892
F4043C,Joltik,1053.936,695.791,3.264,695.791,fx-260831-b3e2738-b,695.791,3,695.791,1,695.791,1,695.791,900,695.791,9170,695.791,False,695.791,False,695.791,deepsleep,695.791,-71,695.791,6000,695.791
